-- Adminer 4.1.0 MySQL dump

SET NAMES utf8;
SET time_zone = '+00:00';
SET foreign_key_checks = 0;
SET sql_mode = 'NO_AUTO_VALUE_ON_ZERO';

DROP DATABASE IF EXISTS `ebdb`;
CREATE DATABASE `ebdb` /*!40100 DEFAULT CHARACTER SET latin1 */;
USE `ebdb`;

DROP TABLE IF EXISTS `club`;
CREATE TABLE `club` (
  `clubID` int(10) unsigned NOT NULL AUTO_INCREMENT,
  `name` varchar(50) NOT NULL,
  `founderID` int(10) unsigned NOT NULL,
  `description` text NOT NULL,
  `posts_allowed_by_members` tinyint(1) DEFAULT NULL,
  PRIMARY KEY (`clubID`),
  UNIQUE KEY `name_UNIQUE` (`name`),
  KEY `FK_club_founder_idx` (`founderID`),
  CONSTRAINT `FK_club_founder` FOREIGN KEY (`founderID`) REFERENCES `user` (`userID`) ON DELETE NO ACTION ON UPDATE NO ACTION
) ENGINE=InnoDB DEFAULT CHARSET=latin1;

INSERT INTO `club` (`clubID`, `name`, `founderID`, `description`, `posts_allowed_by_members`) VALUES
(1,	'Best Club',	7,	'a place for rock and roll and two other things',	NULL),
(2,	'Legion of Macabre Company',	9,	'amet metus. Aliquam erat volutpat. Nulla facilisis. Suspendisse commodo tincidunt nibh. Phasellus nulla. Integer vulputate, risus a ultricies adipiscing, enim mi tempor lorem, eget mollis',	0),
(3,	'Way of Boon Dock Vendor',	39,	'Aenean euismod mauris eu',	0),
(4,	'Sentinels of Thë BläçK Bei',	39,	'ac orci. Ut semper pretium neque. Morbi quis urna. Nunc quis arcu vel quam dignissim pharetra. Nam ac nulla. In tincidunt congue turpis.',	0),
(5,	'Keepers of the Hell Tribe',	29,	'arcu. Sed eu nibh vulputate mauris sagittis placerat. Cras dictum ultricies ligula. Nullam enim. Sed nulla ante, iaculis nec, eleifend non, dapibus rutrum, justo. Praesent luctus.',	1),
(6,	'DOMINANT',	47,	'mi lacinia mattis. Integer eu lacus. Quisque imperdiet, erat nonummy ultricies ornare, elit elit fermentum risus, at fringilla purus mauris a nunc.',	0),
(7,	'VíRulent Thunder',	7,	'vitae dolor. Donec fringilla. Donec feugiat metus sit amet ante. Vivamus non lorem vitae odio sagittis semper. Nam tempor',	0),
(8,	'Wrath of Seventh Turning Clan',	11,	'adipiscing elit. Curabitur sed tortor. Integer aliquam adipiscing',	1),
(9,	'The Sin Knights',	31,	'lacus vestibulum lorem, sit amet ultricies sem magna nec quam. Curabitur vel lectus. Cum sociis natoque penatibus et magnis',	1),
(10,	'Flames of Ancient Steel',	14,	'tincidunt congue turpis. In condimentum. Donec at arcu. Vestibulum ante ipsum primis in faucibus orci luctus et ultrices posuere cubilia Curae; Donec tincidunt. Donec',	1),
(11,	'The Muffin Reeves',	35,	'Suspendisse non leo. Vivamus nibh dolor, nonummy ac, feugiat non, lobortis quis, pede. Suspendisse dui. Fusce diam nunc, ullamcorper eu, euismod ac, fermentum vel,',	0),
(12,	'The Prowess',	50,	'luctus et ultrices posuere cubilia Curae; Phasellus ornare. Fusce mollis. Duis sit amet diam eu dolor',	1),
(13,	'Gothic Monkeys',	25,	'a odio',	0),
(14,	'Golden Darkness',	30,	'tellus. Phasellus elit pede, malesuada vel, venenatis vel, faucibus id, libero. Donec consectetuer mauris id sapien.',	1),
(15,	'Horde Players',	22,	'porttitor vulputate, posuere vulputate, lacus. Cras interdum. Nunc sollicitudin commodo ipsum. Suspendisse non leo. Vivamus nibh dolor, nonummy ac, feugiat non, lobortis quis,',	1),
(16,	'The Noxracers',	23,	'Quisque imperdiet, erat nonummy ultricies ornare, elit elit fermentum risus, at',	0),
(17,	'Hand of Silly Hats Chaos',	14,	'venenatis vel, faucibus id, libero. Donec consectetuer mauris id sapien. Cras dolor dolor, tempus non, lacinia at,',	0),
(18,	'Forsaken Souls',	38,	'nonummy. Fusce fermentum fermentum arcu. Vestibulum ante ipsum',	0),
(19,	'Padrinos Destiny',	25,	'at auctor ullamcorper, nisl arcu iaculis enim, sit amet ornare lectus justo eu arcu. Morbi sit amet massa. Quisque porttitor eros nec tellus. Nunc lectus pede, ultrices a, auctor',	1),
(20,	'Order of Blood Rage Hill',	42,	'sit amet, consectetuer adipiscing elit. Etiam laoreet, libero et tristique',	0),
(21,	'MOON',	40,	'enim, condimentum eget, volutpat ornare, facilisis eget, ipsum. Donec sollicitudin adipiscing ligula. Aenean gravida nunc sed pede. Cum sociis natoque',	1),
(22,	'Order of the Tragedys Crew',	41,	'mollis. Integer tincidunt aliquam arcu. Aliquam ultrices iaculis odio. Nam interdum',	0),
(23,	'Tainted Revenge',	41,	'imperdiet, erat nonummy ultricies ornare, elit elit fermentum risus, at fringilla purus mauris a nunc. In at pede. Cras vulputate velit eu sem. Pellentesque ut ipsum ac mi eleifend egestas.',	1),
(24,	'Blood Legion',	26,	'magna. Phasellus dolor elit, pellentesque',	0),
(25,	'Twohardcore Order',	34,	'urna suscipit nonummy. Fusce fermentum fermentum arcu. Vestibulum ante ipsum',	0),
(26,	'Endless Teldrassil',	50,	'mus. Proin vel nisl. Quisque fringilla euismod enim. Etiam gravida molestie arcu. Sed eu nibh vulputate mauris sagittis placerat. Cras dictum ultricies ligula. Nullam',	1),
(27,	'Valar Anonymous',	46,	'nulla vulputate',	0),
(28,	'Dragoons of Golden Bunnies',	40,	'in consequat enim diam vel arcu. Curabitur ut odio vel est tempor bibendum. Donec felis',	1),
(29,	'Drunken Blood',	21,	'Vestibulum accumsan neque et nunc.',	0),
(30,	'ROBOT',	33,	'imperdiet ornare. In faucibus. Morbi vehicula. Pellentesque tincidunt',	1),
(31,	'The Animosity',	50,	'enim. Mauris quis turpis vitae purus gravida sagittis.',	1),
(32,	'The Ping',	30,	'nec, cursus a, enim. Suspendisse aliquet, sem ut cursus luctus, ipsum leo elementum sem, vitae aliquam eros turpis non enim. Mauris quis turpis vitae purus gravida sagittis.',	0),
(33,	'Unforgiven Soldiers',	43,	'Nunc laoreet lectus quis massa. Mauris vestibulum, neque sed dictum eleifend, nunc risus varius orci, in consequat enim diam vel arcu. Curabitur ut odio vel est tempor bibendum. Donec felis',	1),
(34,	'Eyes of Silver Dragon Inches',	46,	'nisi. Cum sociis natoque penatibus et magnis dis parturient montes, nascetur ridiculus mus. Proin',	1),
(35,	'Azeroth Stalkers',	27,	'euismod et, commodo at, libero. Morbi accumsan laoreet ipsum. Curabitur consequat, lectus sit amet',	0),
(36,	'Dirty Crusade',	34,	'at pretium aliquet, metus urna convallis erat, eget tincidunt dui augue eu tellus. Phasellus elit',	0),
(37,	'Gods of the Eldritch Fellowship',	20,	'amet nulla. Donec non',	0),
(38,	'TOTETOTE',	30,	'aliquet magna a neque. Nullam ut nisi a odio semper cursus. Integer mollis. Integer tincidunt aliquam arcu. Aliquam ultrices iaculis odio. Nam interdum enim non nisi. Aenean eget metus.',	0),
(39,	'Will of the Chemical Fury',	31,	'Proin vel nisl.',	0),
(40,	'Empire of Fallen Blood Tippers',	38,	'molestie orci tincidunt adipiscing. Mauris molestie pharetra nibh. Aliquam ornare, libero at auctor ullamcorper,',	1),
(41,	'The Alts of Midnight Dragon',	40,	'et arcu imperdiet ullamcorper. Duis at lacus. Quisque purus sapien, gravida non, sollicitudin a, malesuada',	0),
(42,	'Alts Vudu',	8,	'Phasellus elit pede, malesuada vel, venenatis vel, faucibus id, libero. Donec consectetuer mauris id',	1),
(43,	'Nocturnal Darkness',	24,	'lacinia mattis. Integer eu lacus. Quisque imperdiet, erat',	1),
(44,	'Legacy of the Hardbull\'\'S Bros',	30,	'eu elit. Nulla',	1),
(45,	'Altcast Nevidimka',	41,	'id magna et ipsum cursus vestibulum. Mauris magna. Duis dignissim tempor arcu. Vestibulum',	0),
(46,	'The Gøds of Underground Justice',	21,	'Donec nibh enim, gravida sit amet, dapibus id, blandit at, nisi. Cum sociis natoque penatibus et magnis dis parturient montes, nascetur ridiculus mus. Proin vel nisl. Quisque',	0),
(47,	'The Women of Steel Army',	44,	'aliquet. Proin velit. Sed malesuada augue ut lacus. Nulla tincidunt,',	1),
(48,	'Holy Faith',	29,	'nonummy ipsum non arcu. Vivamus sit amet risus. Donec egestas. Aliquam nec enim. Nunc ut erat. Sed nunc est, mollis non, cursus non, egestas a, dui. Cras',	1),
(49,	'The Starfox Alliance',	38,	'nisl',	1),
(50,	'Chicken Dead',	47,	'pharetra',	1),
(51,	'Knight of the Farpoint Order',	24,	'libero. Integer in magna. Phasellus dolor elit, pellentesque a, facilisis non, bibendum sed, est. Nunc laoreet lectus quis massa. Mauris',	0),
(52,	'Hardcore Locusts',	29,	'eget mollis lectus',	0),
(53,	'Knights of Black Tooth Viscious',	45,	'dictum sapien. Aenean massa. Integer vitae nibh. Donec est mauris, rhoncus id, mollis',	1),
(54,	'The Eyes of Thousand Knights',	21,	'Curabitur vel lectus. Cum sociis natoque penatibus et magnis dis parturient montes, nascetur ridiculus mus. Donec dignissim magna a tortor. Nunc commodo auctor velit. Aliquam nisl. Nulla',	1),
(55,	'Blood Few',	14,	'lectus quis massa. Mauris vestibulum, neque sed dictum eleifend, nunc risus varius orci,',	0),
(56,	'Shogun of Vile Raiders',	14,	'nibh. Aliquam ornare, libero at auctor ullamcorper, nisl arcu iaculis enim, sit amet ornare lectus justo eu arcu. Morbi sit amet',	1),
(57,	'Scions of Team Action Vengeance',	20,	'porttitor eros',	0),
(58,	'Quild of Bright Yellow Assassins',	28,	'nisl arcu iaculis enim, sit amet ornare lectus justo eu arcu. Morbi sit amet massa. Quisque porttitor eros nec tellus. Nunc lectus pede,',	0),
(59,	'The Decree of Deja Slivermoon',	20,	'ultrices. Vivamus rhoncus. Donec est.',	0),
(60,	'The Nexus',	31,	'neque pellentesque massa lobortis ultrices. Vivamus rhoncus. Donec',	0),
(61,	'The Storming Argentei',	22,	'orci sem eget massa. Suspendisse eleifend. Cras sed leo. Cras vehicula aliquet libero. Integer in magna. Phasellus dolor elit,',	0),
(62,	'The Knights of Boneyard Kaos',	12,	'et, rutrum non, hendrerit id, ante.',	1),
(63,	'Eternal Squad',	43,	'Vestibulum accumsan neque et nunc. Quisque ornare tortor at risus. Nunc ac',	1),
(64,	'Keep of Team Action Templar',	10,	'id nunc interdum feugiat. Sed nec metus',	0),
(65,	'The Sacred Unit',	37,	'amet risus. Donec egestas. Aliquam nec enim. Nunc ut erat. Sed',	0),
(66,	'The Angelfire',	17,	'euismod urna.',	0),
(67,	'Hearts of Tauren Dairy Triumvirate',	15,	'Suspendisse dui. Fusce diam nunc, ullamcorper eu, euismod ac, fermentum vel, mauris. Integer sem elit, pharetra ut, pharetra sed, hendrerit a, arcu. Sed et libero. Proin mi. Aliquam gravida mauris',	1),
(68,	'Fighters of the Knights Outcasts',	29,	'vulputate, posuere vulputate, lacus. Cras interdum. Nunc sollicitudin commodo ipsum. Suspendisse non',	0),
(69,	'Will of United Horde Pirates',	28,	'malesuada ut, sem. Nulla interdum. Curabitur dictum. Phasellus in felis. Nulla tempor augue ac ipsum. Phasellus vitae mauris sit amet lorem semper auctor. Mauris vel turpis. Aliquam adipiscing',	0),
(70,	'Crusaders of Praetorian Teldrassil',	20,	'Ut tincidunt vehicula risus. Nulla eget metus eu erat semper rutrum. Fusce dolor quam, elementum at, egestas a, scelerisque sed, sapien. Nunc pulvinar arcu et pede. Nunc sed orci',	0),
(71,	'Rubber Kindreds',	46,	'imperdiet ullamcorper. Duis at lacus. Quisque purus sapien, gravida non, sollicitudin a, malesuada id, erat. Etiam vestibulum massa rutrum magna. Cras convallis convallis dolor. Quisque tincidunt pede ac',	0),
(72,	'Honored Shadow',	83,	'ipsum. Curabitur consequat, lectus sit amet',	1),
(73,	'Disciples of the Old Proof',	23,	'id, ante. Nunc mauris sapien, cursus in, hendrerit consectetuer, cursus et, magna. Praesent interdum ligula eu enim. Etiam imperdiet dictum magna. Ut tincidunt orci quis lectus. Nullam suscipit, est',	1),
(74,	'Journeyman Faithful',	36,	'nibh. Quisque nonummy ipsum non arcu. Vivamus',	0),
(75,	'Brothers of Bloodhorde Team',	31,	'magna tellus faucibus leo, in lobortis tellus justo sit amet nulla. Donec non justo. Proin',	0),
(94,	'first create',	12,	'asdfsadf sd fsd fa sd fsad asfdasdf asd sad asdf asdf sad ',	0),
(95,	'new group',	12,	'asfasljdkhfasdf asd kfjasdkl; sadjfasjd; fksdaj asdfk lsadk;l fsak ldfas;',	1),
(96,	'trying to redirect',	12,	'i\'m not sure this will work',	1),
(97,	'membership test',	12,	'testing the membership and ownership of groups',	1),
(98,	'test1',	7,	'test2',	1),
(99,	'mike\'s group',	66,	'a special group',	1);

DROP TABLE IF EXISTS `clubWall`;
CREATE TABLE `clubWall` (
  `postID` int(10) unsigned NOT NULL,
  `clubID` int(10) unsigned NOT NULL,
  KEY `FK_postMap_club_idx` (`clubID`),
  KEY `FK_postMap_post_idx` (`postID`),
  CONSTRAINT `clubWall_ibfk_1` FOREIGN KEY (`postID`) REFERENCES `post` (`postID`) ON DELETE CASCADE,
  CONSTRAINT `FK_postMap_club` FOREIGN KEY (`clubID`) REFERENCES `club` (`clubID`) ON DELETE NO ACTION ON UPDATE NO ACTION
) ENGINE=InnoDB DEFAULT CHARSET=latin1;


DROP TABLE IF EXISTS `comment`;
CREATE TABLE `comment` (
  `parentID` int(10) unsigned NOT NULL,
  `childID` int(10) unsigned NOT NULL,
  PRIMARY KEY (`parentID`,`childID`),
  KEY `FK_parent_post_idx` (`parentID`),
  KEY `FK_child_post_idx` (`childID`),
  CONSTRAINT `comment_ibfk_2` FOREIGN KEY (`childID`) REFERENCES `post` (`postID`) ON DELETE CASCADE ON UPDATE NO ACTION,
  CONSTRAINT `comment_ibfk_1` FOREIGN KEY (`parentID`) REFERENCES `post` (`postID`) ON DELETE CASCADE
) ENGINE=InnoDB DEFAULT CHARSET=latin1;


DROP TABLE IF EXISTS `content`;
CREATE TABLE `content` (
  `contentID` int(10) unsigned NOT NULL AUTO_INCREMENT,
  `type` enum('TEXT','IMAGE','VIDEO') NOT NULL,
  `permission` tinyint(3) unsigned NOT NULL DEFAULT '0',
  `link_url` text,
  `text` text,
  PRIMARY KEY (`contentID`)
) ENGINE=InnoDB DEFAULT CHARSET=latin1;


DROP TABLE IF EXISTS `has_tag`;
CREATE TABLE `has_tag` (
  `tagID` int(10) unsigned NOT NULL,
  `clubID` int(10) unsigned NOT NULL,
  KEY `FK_has_tag_tag` (`tagID`),
  KEY `FK_has_tag_club` (`clubID`),
  CONSTRAINT `FK_has_tag_tag` FOREIGN KEY (`tagID`) REFERENCES `tag` (`tagID`) ON DELETE NO ACTION ON UPDATE NO ACTION,
  CONSTRAINT `FK_has_tag_club` FOREIGN KEY (`clubID`) REFERENCES `club` (`clubID`) ON DELETE NO ACTION ON UPDATE NO ACTION
) ENGINE=InnoDB DEFAULT CHARSET=latin1;

INSERT INTO `has_tag` (`tagID`, `clubID`) VALUES
(35,	18),
(67,	36),
(56,	60),
(57,	18),
(93,	35),
(19,	56),
(16,	17),
(67,	28),
(51,	19),
(18,	57),
(12,	29),
(48,	36),
(43,	33),
(53,	30),
(14,	51),
(22,	71),
(56,	3),
(72,	57),
(43,	66),
(50,	62),
(92,	24),
(35,	53),
(51,	42),
(95,	66),
(28,	56),
(82,	41),
(26,	42),
(61,	62),
(8,	40),
(10,	61),
(25,	68),
(101,	5),
(40,	20),
(52,	7),
(4,	8),
(5,	61),
(8,	13),
(21,	59),
(85,	46),
(33,	21),
(43,	72),
(53,	44),
(101,	6),
(1,	26),
(22,	7),
(30,	63),
(81,	24),
(17,	52),
(39,	2),
(43,	50),
(85,	4),
(14,	61),
(14,	47),
(70,	48),
(34,	44),
(23,	24),
(13,	12),
(92,	25),
(17,	60),
(13,	17),
(26,	51),
(102,	65),
(7,	33),
(88,	32),
(38,	34),
(29,	48),
(40,	67),
(86,	55),
(62,	67),
(70,	72),
(38,	55),
(42,	61),
(68,	49),
(46,	5),
(64,	13),
(85,	12),
(12,	26),
(76,	33),
(78,	72),
(86,	48),
(7,	49),
(57,	49),
(72,	35),
(90,	57),
(94,	7),
(85,	14),
(66,	73),
(87,	16),
(93,	45),
(8,	33),
(45,	28),
(21,	38),
(10,	25),
(4,	26),
(90,	74),
(39,	62),
(45,	36),
(81,	5),
(7,	26),
(25,	17),
(13,	43),
(43,	14),
(58,	20),
(73,	57),
(42,	53),
(72,	35),
(54,	19),
(54,	31),
(60,	51),
(63,	15),
(41,	6),
(67,	58),
(10,	60),
(76,	31),
(73,	54),
(10,	62),
(13,	42),
(51,	20),
(55,	5),
(4,	67),
(3,	60),
(76,	26),
(21,	57),
(18,	58),
(5,	48),
(80,	36),
(22,	49),
(80,	63),
(80,	51),
(1,	74),
(31,	25),
(102,	25),
(11,	23),
(60,	33),
(38,	37),
(88,	51),
(29,	51),
(81,	5),
(51,	10),
(100,	61),
(97,	37),
(65,	6),
(76,	33),
(44,	64),
(33,	38),
(89,	5),
(13,	49),
(83,	73),
(20,	55),
(38,	54);

DROP TABLE IF EXISTS `hearts`;
CREATE TABLE `hearts` (
  `userID` int(10) unsigned NOT NULL,
  `postID` int(10) unsigned NOT NULL,
  KEY `userID` (`userID`),
  KEY `postID` (`postID`),
  CONSTRAINT `hearts_ibfk_3` FOREIGN KEY (`postID`) REFERENCES `post` (`postID`) ON DELETE CASCADE,
  CONSTRAINT `hearts_ibfk_1` FOREIGN KEY (`userID`) REFERENCES `user` (`userID`) ON DELETE NO ACTION
) ENGINE=InnoDB DEFAULT CHARSET=latin1;


DROP TABLE IF EXISTS `invites`;
CREATE TABLE `invites` (
  `timestamp` timestamp NOT NULL DEFAULT CURRENT_TIMESTAMP ON UPDATE CURRENT_TIMESTAMP,
  `member` tinyint(4) NOT NULL DEFAULT '0',
  `invited` varchar(50) NOT NULL,
  `inviter` varchar(50) NOT NULL,
  `invitedurl` varchar(50) NOT NULL,
  PRIMARY KEY (`invited`)
) ENGINE=InnoDB DEFAULT CHARSET=latin1;

INSERT INTO `invites` (`timestamp`, `member`, `invited`, `inviter`, `invitedurl`) VALUES
('0000-00-00 00:00:00',	0,	'',	'',	'd41d8cd98f00b204e9800998ecf8427e'),
('0000-00-00 00:00:00',	0,	'a@hotmail.com',	'',	''),
('0000-00-00 00:00:00',	0,	'asasdas@fdsa.ca',	'',	'cf960a90c6da15c310090a56fc142a90'),
('0000-00-00 00:00:00',	0,	'asdads@dsa.dsa',	'',	'd016ba187918e7f68571b5c51e28021e'),
('0000-00-00 00:00:00',	0,	'caca@crotte.debic',	'',	'5c2005b0f97eeb8eaea22a9f1d968c9f'),
('2014-07-27 19:59:40',	0,	'dg@asd.com',	'',	'f0141a5c5d7a8f8f25ef7e464a3bce91'),
('0000-00-00 00:00:00',	0,	'douche@bag.yeah',	'',	'19a3fb0338554f65a74ca0712ed8af5b'),
('2014-08-07 22:30:59',	0,	'geoff@geoff.com',	'',	'797371a189bc30516c212e4f33712def'),
('0000-00-00 00:00:00',	0,	'hnowrigvhw!@HGIOUDSA.GDA',	'',	'e16cde732d22b3a61aa51abe09df65bf'),
('0000-00-00 00:00:00',	0,	'Honert@buggies.net',	'',	'3d3250d6fdfb369d80a6a9b29444a76c'),
('0000-00-00 00:00:00',	0,	'Hornet@buggies.net',	'',	'202e19609fdf9ed773409daac2dc4d55'),
('0000-00-00 00:00:00',	0,	'je@suis.con',	'',	'13890b149a6b0907996fc0d2b798a24c'),
('0000-00-00 00:00:00',	0,	'je@suis.cool',	'',	'd7ddf9128dd052d0b01e65508c23d6be'),
('0000-00-00 00:00:00',	0,	'kpraglowski@gmail.com',	'',	'1e73c42f7248deefbfaf88112d2a0aaf'),
('0000-00-00 00:00:00',	0,	't@est.com',	'',	'8d60728671f60feff517a4179f94350d'),
('0000-00-00 00:00:00',	0,	't@t.com',	'',	'6065906a08ee2df2b20592fe34c6c166'),
('0000-00-00 00:00:00',	0,	'test@test.com',	'',	'b642b4217b34b1e8d3bd915fc65c4452'),
('0000-00-00 00:00:00',	0,	'testicule@penis.bite',	'',	'08495fa27dede25b6e90c0e2746e33fd'),
('2014-07-27 18:06:00',	0,	'testing@time.stamp',	'',	'cd915c12d4cfeabede0ecc71fb02bdc4'),
('0000-00-00 00:00:00',	0,	'tesutih@tges.cds',	'',	'014cfcba908386c9bf8a86263d95830f'),
('0000-00-00 00:00:00',	0,	'wfige@fda.dfa',	'',	'072e4b35025e83420fc4577cff32f93c');

DROP TABLE IF EXISTS `membership`;
CREATE TABLE `membership` (
  `clubID` int(10) unsigned NOT NULL,
  `userID` int(10) unsigned NOT NULL,
  `role` varchar(20) NOT NULL,
  KEY `FK_membership_user_idx` (`userID`),
  KEY `FK_membership_club_idx` (`clubID`),
  CONSTRAINT `FK_membership_club` FOREIGN KEY (`clubID`) REFERENCES `club` (`clubID`) ON DELETE NO ACTION ON UPDATE NO ACTION,
  CONSTRAINT `FK_membership_user` FOREIGN KEY (`userID`) REFERENCES `user` (`userID`) ON DELETE NO ACTION ON UPDATE NO ACTION
) ENGINE=InnoDB DEFAULT CHARSET=latin1;

INSERT INTO `membership` (`clubID`, `userID`, `role`) VALUES
(1,	7,	'owner'),
(1,	7,	'member'),
(97,	12,	'owner'),
(97,	12,	'member'),
(98,	7,	'owner'),
(98,	7,	'member'),
(99,	66,	'owner'),
(97,	67,	'member'),
(50,	83,	'owner'),
(3,	66,	'member'),
(34,	67,	'member'),
(64,	67,	'member'),
(37,	67,	'member'),
(99,	66,	'member'),
(46,	67,	'member'),
(30,	67,	'member'),
(72,	83,	'member'),
(72,	83,	'owner');

DROP TABLE IF EXISTS `post`;
CREATE TABLE `post` (
  `postID` int(10) unsigned NOT NULL AUTO_INCREMENT,
  `userID` int(10) unsigned NOT NULL,
  `contentID` int(10) unsigned NOT NULL,
  `postHeartCount` int(10) unsigned NOT NULL,
  `timeCreated` datetime NOT NULL,
  `isComment` tinyint(1) unsigned NOT NULL DEFAULT '0',
  `allowsComments` tinyint(1) unsigned NOT NULL DEFAULT '1',
  PRIMARY KEY (`postID`),
  KEY `FK_post_user_idx` (`userID`),
  KEY `FK_post_content_idx` (`contentID`),
  CONSTRAINT `post_ibfk_4` FOREIGN KEY (`contentID`) REFERENCES `content` (`contentID`) ON DELETE CASCADE,
  CONSTRAINT `post_ibfk_3` FOREIGN KEY (`userID`) REFERENCES `user` (`userID`) ON DELETE NO ACTION
) ENGINE=InnoDB DEFAULT CHARSET=latin1;


DROP TABLE IF EXISTS `privateMessages`;
CREATE TABLE `privateMessages` (
  `messageID` int(10) unsigned NOT NULL AUTO_INCREMENT,
  `userID` int(10) unsigned NOT NULL,
  `postID` int(10) unsigned NOT NULL,
  PRIMARY KEY (`messageID`),
  KEY `FK_convoMap_user_idx` (`userID`),
  KEY `convo_idx` (`messageID`),
  KEY `FK_privateMsg_post_idx` (`postID`),
  CONSTRAINT `FK_convoMap_user` FOREIGN KEY (`userID`) REFERENCES `user` (`userID`) ON DELETE NO ACTION ON UPDATE NO ACTION,
  CONSTRAINT `FK_privateMsg_post` FOREIGN KEY (`postID`) REFERENCES `post` (`postID`) ON DELETE NO ACTION ON UPDATE NO ACTION
) ENGINE=InnoDB DEFAULT CHARSET=latin1;


DROP TABLE IF EXISTS `relationship`;
CREATE TABLE `relationship` (
  `userID1` int(10) unsigned NOT NULL,
  `userID2` int(10) unsigned NOT NULL,
  `status` varchar(20) NOT NULL,
  KEY `FK_userID1_user_idx` (`userID1`),
  KEY `FK_userID2_user_idx` (`userID2`),
  CONSTRAINT `FK_userID1_user` FOREIGN KEY (`userID1`) REFERENCES `user` (`userID`) ON DELETE NO ACTION ON UPDATE NO ACTION,
  CONSTRAINT `FK_userID2_user` FOREIGN KEY (`userID2`) REFERENCES `user` (`userID`) ON DELETE NO ACTION ON UPDATE NO ACTION
) ENGINE=InnoDB DEFAULT CHARSET=latin1;

INSERT INTO `relationship` (`userID1`, `userID2`, `status`) VALUES
(7,	9,	'collegues'),
(7,	11,	'collegues'),
(7,	8,	'collegues'),
(7,	10,	'collegues'),
(67,	12,	'friends'),
(67,	12,	'family'),
(67,	12,	'collegues'),
(66,	39,	'friends'),
(66,	39,	'friends'),
(66,	39,	'friends'),
(66,	25,	'friends'),
(66,	25,	'friends'),
(66,	25,	'friends'),
(67,	66,	'collegues'),
(67,	69,	'family'),
(67,	69,	'collegues'),
(67,	66,	'collegues'),
(83,	70,	'friends'),
(67,	11,	'friends'),
(67,	11,	'family'),
(66,	9,	'friends'),
(68,	7,	'friends'),
(68,	10,	'friends'),
(68,	83,	'friends'),
(68,	66,	'collegues'),
(11,	66,	'collegues'),
(66,	11,	'friends'),
(66,	7,	'friends'),
(66,	7,	'friends'),
(66,	7,	'friends'),
(67,	11,	'collegues'),
(7,	66,	'collegues'),
(7,	66,	'collegues'),
(66,	7,	'collegues'),
(66,	83,	'collegues'),
(7,	83,	'collegues'),
(83,	67,	'family');

DROP TABLE IF EXISTS `tag`;
CREATE TABLE `tag` (
  `tagID` int(11) unsigned NOT NULL AUTO_INCREMENT,
  `name` varchar(50) NOT NULL,
  PRIMARY KEY (`tagID`)
) ENGINE=InnoDB DEFAULT CHARSET=latin1;

INSERT INTO `tag` (`tagID`, `name`) VALUES
(1,	'Rock and Roll'),
(2,	'Music'),
(3,	'Hurricanes'),
(4,	'Architecture'),
(5,	'Montreal Canadians'),
(6,	'Game Theory'),
(7,	'Crystals'),
(8,	'Aliens'),
(9,	'Cars'),
(10,	'Polygons'),
(11,	'Chocolate'),
(12,	'Pi'),
(13,	'Genetics'),
(14,	'Anthrax'),
(15,	'Bridges'),
(16,	'Cars'),
(17,	'Angles'),
(18,	'Brain'),
(19,	'War'),
(20,	'Nouns'),
(21,	'Newspaper'),
(22,	'Earth'),
(23,	'Pi'),
(24,	'Computers'),
(25,	'Binary'),
(26,	'Eclipse'),
(27,	'Brain'),
(28,	'Allergies'),
(29,	'Basketball'),
(30,	'Programming'),
(31,	'Atoms'),
(32,	'Ants'),
(33,	'Eclipse'),
(34,	'Polygons'),
(35,	'Allergies'),
(36,	'Allergies'),
(37,	'Allergies'),
(38,	'Teeth'),
(39,	'Ethics'),
(40,	'Genetics'),
(41,	'Montreal Canadians'),
(42,	'Algae'),
(43,	'Pi'),
(44,	'Angles'),
(45,	'Earth'),
(46,	'Computers'),
(47,	'Newspaper'),
(48,	'Pi'),
(49,	'Angles'),
(50,	'Soccer'),
(51,	'Ants'),
(52,	'Chocolate'),
(53,	'Montreal Canadians'),
(54,	'Dogs'),
(55,	'Bridges'),
(56,	'Montreal Canadians'),
(57,	'Aliens'),
(58,	'Polygons'),
(59,	'Genetics'),
(60,	'Research'),
(61,	'Robots'),
(62,	'Montreal Canadians'),
(63,	'Ants'),
(64,	'Hockey'),
(65,	'Game Theory'),
(66,	'Algae'),
(67,	'Cells'),
(68,	'Programming'),
(69,	'Bridges'),
(70,	'Binary'),
(71,	'Music'),
(72,	'Alcohol'),
(73,	'Basketball'),
(74,	'Problem Solving'),
(75,	'Music'),
(76,	'Newspaper'),
(77,	'Soccer'),
(78,	'Anthrax'),
(79,	'Game Theory'),
(80,	'Algae'),
(81,	'Atoms'),
(82,	'Hurricanes'),
(83,	'Algae'),
(84,	'Lasers'),
(85,	'Polygons'),
(86,	'Anthrax'),
(87,	'Atoms'),
(88,	'Architecture'),
(89,	'Polygons'),
(90,	'Programming'),
(91,	'Graphics'),
(92,	'Newspaper'),
(93,	'Earth'),
(94,	'Architecture'),
(95,	'Eclipse'),
(96,	'War'),
(97,	'Ants'),
(98,	'Pi'),
(99,	'Bacteria'),
(100,	'Ants'),
(101,	'Baseball'),
(102,	'Atoms');

DROP TABLE IF EXISTS `user`;
CREATE TABLE `user` (
  `userID` int(10) unsigned NOT NULL AUTO_INCREMENT,
  `role` enum('junior','senior','administrator') NOT NULL,
  `status` enum('active','inactive','suspended') NOT NULL,
  `displayName` varchar(15) NOT NULL,
  `firstName` varchar(45) NOT NULL,
  `lastName` varchar(45) NOT NULL,
  `tagline` varchar(140) NOT NULL,
  `email` varchar(50) NOT NULL,
  `password` varchar(64) NOT NULL,
  `address` text NOT NULL,
  `cityName` varchar(45) NOT NULL,
  `province` varchar(45) DEFAULT NULL,
  `country` varchar(50) NOT NULL,
  `availableHearts` int(10) unsigned NOT NULL,
  `totalHeartsEarned` int(10) unsigned NOT NULL,
  `dateCreated` datetime NOT NULL,
  `dateModified` datetime NOT NULL,
  `lastLogin` datetime NOT NULL,
  `dateOfBirth` date NOT NULL,
  `privacy` enum('public','private') NOT NULL,
  `lastStream` varchar(300) NOT NULL,
  PRIMARY KEY (`userID`)
) ENGINE=InnoDB DEFAULT CHARSET=latin1;

INSERT INTO `user` (`userID`, `role`, `status`, `displayName`, `firstName`, `lastName`, `tagline`, `email`, `password`, `address`, `cityName`, `province`, `country`, `availableHearts`, `totalHeartsEarned`, `dateCreated`, `dateModified`, `lastLogin`, `dateOfBirth`, `privacy`, `lastStream`) VALUES
(7,	'administrator',	'active',	'marcb',	'Marc',	'B',	'Some guy',	'belley.marc@gmail.com',	'202cb962ac59075b964b07152d234b70',	'4321 rue st-jacques apt 204',	'Montreal',	NULL,	'0',	0,	0,	'0000-00-00 00:00:00',	'0000-00-00 00:00:00',	'0000-00-00 00:00:00',	'0000-00-00',	'public',	''),
(8,	'junior',	'active',	'8',	'Bob',	'Joy',	'',	'bob@jay.com',	'827ccb0eea8a706c4c34a16891f84e7b',	'',	'NYC',	NULL,	'0',	0,	0,	'0000-00-00 00:00:00',	'0000-00-00 00:00:00',	'0000-00-00 00:00:00',	'0000-00-00',	'public',	''),
(9,	'junior',	'active',	'9',	'Chuck',	'Norris',	'who needs one?',	'justplainawesome@internets.com',	'ep33n',	'1337',	'Texas',	'texas',	'0',	9001,	0,	'2014-06-26 22:00:21',	'2014-06-26 22:00:21',	'2014-06-26 22:00:21',	'2014-06-26',	'public',	''),
(10,	'junior',	'active',	'10',	'Prof',	'Bipin',	'real life',	'bipin@concordia.ca',	'quiizzzzes',	'lame',	'Montreal',	'Quebec',	'0',	0,	0,	'2014-06-26 22:02:02',	'2014-06-26 22:02:02',	'2014-06-26 22:02:02',	'2014-06-26',	'public',	''),
(11,	'junior',	'active',	'11',	'Smartass',	'Student',	'school sux',	'student@concordia.ca',	'ifail',	'111 de la blah',	'Montreal',	'Quebec',	'0',	0,	0,	'2014-06-26 22:02:51',	'2014-06-26 22:02:51',	'2014-06-26 22:02:51',	'2014-06-26',	'public',	''),
(12,	'senior',	'active',	'12',	'Test',	'test',	'',	'test@test.test',	'd79096188b670c2f81b7001f73801117',	'',	'',	NULL,	'0',	0,	0,	'0000-00-00 00:00:00',	'0000-00-00 00:00:00',	'0000-00-00 00:00:00',	'0000-00-00',	'public',	''),
(13,	'junior',	'active',	'13',	'0',	'',	'',	'0',	'81dc9bdb52d04dc20036dbd8313ed055',	'',	'',	NULL,	'0',	0,	0,	'0000-00-00 00:00:00',	'0000-00-00 00:00:00',	'0000-00-00 00:00:00',	'0000-00-00',	'public',	''),
(14,	'junior',	'active',	'14',	'0',	'',	'',	'0',	'81dc9bdb52d04dc20036dbd8313ed055',	'',	'',	NULL,	'0',	0,	0,	'0000-00-00 00:00:00',	'0000-00-00 00:00:00',	'0000-00-00 00:00:00',	'0000-00-00',	'public',	''),
(15,	'junior',	'active',	'15',	'0',	'',	'',	'0',	'81dc9bdb52d04dc20036dbd8313ed055',	'',	'',	NULL,	'0',	0,	0,	'0000-00-00 00:00:00',	'0000-00-00 00:00:00',	'0000-00-00 00:00:00',	'0000-00-00',	'public',	''),
(16,	'junior',	'active',	'16',	'0',	'',	'',	'0',	'81dc9bdb52d04dc20036dbd8313ed055',	'',	'',	NULL,	'0',	0,	0,	'0000-00-00 00:00:00',	'0000-00-00 00:00:00',	'0000-00-00 00:00:00',	'0000-00-00',	'public',	''),
(17,	'junior',	'active',	'17',	'0',	'',	'',	'0',	'81dc9bdb52d04dc20036dbd8313ed055',	'',	'',	NULL,	'0',	0,	0,	'0000-00-00 00:00:00',	'0000-00-00 00:00:00',	'0000-00-00 00:00:00',	'0000-00-00',	'public',	''),
(18,	'junior',	'active',	'18',	'0',	'',	'',	'0',	'6074c6aa3488f3c2dddff2a7ca821aab',	'',	'',	NULL,	'0',	0,	0,	'0000-00-00 00:00:00',	'0000-00-00 00:00:00',	'0000-00-00 00:00:00',	'0000-00-00',	'public',	''),
(19,	'junior',	'active',	'19',	'0',	'0',	'',	'0',	'81dc9bdb52d04dc20036dbd8313ed055',	'',	'',	NULL,	'0',	0,	0,	'0000-00-00 00:00:00',	'0000-00-00 00:00:00',	'0000-00-00 00:00:00',	'0000-00-00',	'public',	''),
(20,	'junior',	'active',	'20',	'0',	'',	'',	'0',	'81dc9bdb52d04dc20036dbd8313ed055',	'',	'',	NULL,	'0',	0,	0,	'0000-00-00 00:00:00',	'0000-00-00 00:00:00',	'0000-00-00 00:00:00',	'0000-00-00',	'public',	''),
(21,	'junior',	'active',	'21',	'0',	'',	'',	'0',	'81dc9bdb52d04dc20036dbd8313ed055',	'',	'',	NULL,	'0',	0,	0,	'0000-00-00 00:00:00',	'0000-00-00 00:00:00',	'0000-00-00 00:00:00',	'0000-00-00',	'public',	''),
(22,	'junior',	'active',	'22',	'0',	'',	'',	'0',	'81dc9bdb52d04dc20036dbd8313ed055',	'',	'',	NULL,	'0',	0,	0,	'0000-00-00 00:00:00',	'0000-00-00 00:00:00',	'0000-00-00 00:00:00',	'0000-00-00',	'public',	''),
(23,	'junior',	'active',	'23',	'0',	'',	'',	'0',	'd41d8cd98f00b204e9800998ecf8427e',	'',	'',	NULL,	'0',	0,	0,	'0000-00-00 00:00:00',	'0000-00-00 00:00:00',	'0000-00-00 00:00:00',	'0000-00-00',	'public',	''),
(24,	'junior',	'active',	'24',	'0',	'',	'',	'0',	'd41d8cd98f00b204e9800998ecf8427e',	'',	'',	NULL,	'0',	0,	0,	'0000-00-00 00:00:00',	'0000-00-00 00:00:00',	'0000-00-00 00:00:00',	'0000-00-00',	'public',	''),
(25,	'junior',	'active',	'25',	'0',	'',	'',	'0',	'asdf',	'',	'',	NULL,	'0',	0,	0,	'0000-00-00 00:00:00',	'0000-00-00 00:00:00',	'0000-00-00 00:00:00',	'0000-00-00',	'public',	''),
(26,	'junior',	'active',	'26',	'0',	'',	'',	'0',	'912ec803b2ce49e4a541068d495ab570',	'',	'',	NULL,	'0',	0,	0,	'0000-00-00 00:00:00',	'0000-00-00 00:00:00',	'0000-00-00 00:00:00',	'0000-00-00',	'public',	''),
(27,	'junior',	'active',	'27',	'asdf',	'',	'',	'asdfff',	'81dc9bdb52d04dc20036dbd8313ed055',	'',	'',	NULL,	'0',	0,	0,	'0000-00-00 00:00:00',	'0000-00-00 00:00:00',	'0000-00-00 00:00:00',	'0000-00-00',	'public',	''),
(28,	'junior',	'active',	'28',	'',	'',	'',	'',	'd41d8cd98f00b204e9800998ecf8427e',	'',	'',	NULL,	'0',	0,	0,	'0000-00-00 00:00:00',	'0000-00-00 00:00:00',	'0000-00-00 00:00:00',	'0000-00-00',	'public',	''),
(29,	'junior',	'active',	'29',	'asdf',	'',	'',	'asdasdasdasd',	'81dc9bdb52d04dc20036dbd8313ed055',	'',	'',	NULL,	'0',	0,	0,	'0000-00-00 00:00:00',	'0000-00-00 00:00:00',	'0000-00-00 00:00:00',	'0000-00-00',	'public',	''),
(30,	'junior',	'active',	'30',	'',	'',	'',	'',	'd41d8cd98f00b204e9800998ecf8427e',	'',	'',	NULL,	'0',	0,	0,	'0000-00-00 00:00:00',	'0000-00-00 00:00:00',	'0000-00-00 00:00:00',	'0000-00-00',	'public',	''),
(31,	'junior',	'active',	'31',	'',	'',	'',	'',	'd41d8cd98f00b204e9800998ecf8427e',	'',	'',	NULL,	'0',	0,	0,	'0000-00-00 00:00:00',	'0000-00-00 00:00:00',	'0000-00-00 00:00:00',	'0000-00-00',	'public',	''),
(32,	'junior',	'active',	'32',	'',	'',	'',	'',	'd41d8cd98f00b204e9800998ecf8427e',	'',	'',	NULL,	'0',	0,	0,	'0000-00-00 00:00:00',	'0000-00-00 00:00:00',	'0000-00-00 00:00:00',	'0000-00-00',	'public',	''),
(33,	'junior',	'active',	'33',	'',	'',	'',	'',	'd41d8cd98f00b204e9800998ecf8427e',	'',	'',	NULL,	'0',	0,	0,	'0000-00-00 00:00:00',	'0000-00-00 00:00:00',	'0000-00-00 00:00:00',	'0000-00-00',	'public',	''),
(34,	'junior',	'active',	'34',	'',	'',	'',	'',	'd41d8cd98f00b204e9800998ecf8427e',	'',	'',	NULL,	'0',	0,	0,	'0000-00-00 00:00:00',	'0000-00-00 00:00:00',	'0000-00-00 00:00:00',	'0000-00-00',	'public',	''),
(35,	'junior',	'active',	'35',	'',	'',	'',	'',	'd41d8cd98f00b204e9800998ecf8427e',	'',	'',	NULL,	'0',	0,	0,	'0000-00-00 00:00:00',	'0000-00-00 00:00:00',	'0000-00-00 00:00:00',	'0000-00-00',	'public',	''),
(36,	'junior',	'active',	'36',	'',	'',	'',	'',	'd41d8cd98f00b204e9800998ecf8427e',	'',	'',	NULL,	'0',	0,	0,	'0000-00-00 00:00:00',	'0000-00-00 00:00:00',	'0000-00-00 00:00:00',	'0000-00-00',	'public',	''),
(37,	'junior',	'active',	'37',	'asdf',	'',	'',	'asdasdasdasd@gasd.com',	'81dc9bdb52d04dc20036dbd8313ed055',	'',	'',	NULL,	'0',	0,	0,	'0000-00-00 00:00:00',	'0000-00-00 00:00:00',	'0000-00-00 00:00:00',	'0000-00-00',	'public',	''),
(38,	'junior',	'active',	'38',	'asdf',	'',	'',	'asdf@asdf.com',	'81dc9bdb52d04dc20036dbd8313ed055',	'',	'',	NULL,	'0',	0,	0,	'0000-00-00 00:00:00',	'0000-00-00 00:00:00',	'0000-00-00 00:00:00',	'0000-00-00',	'public',	''),
(39,	'junior',	'active',	'39',	'Andrea',	'',	'',	'anD.t@hotmail.com',	'1e626dd31cdb460d8b46f12cca396d26',	'',	'',	NULL,	'0',	0,	0,	'0000-00-00 00:00:00',	'0000-00-00 00:00:00',	'0000-00-00 00:00:00',	'0000-00-00',	'public',	''),
(40,	'junior',	'active',	'40',	'asdd',	'',	'',	'anD.t@hotmail.com',	'81dc9bdb52d04dc20036dbd8313ed055',	'',	'',	NULL,	'0',	0,	0,	'0000-00-00 00:00:00',	'0000-00-00 00:00:00',	'0000-00-00 00:00:00',	'0000-00-00',	'public',	''),
(41,	'junior',	'active',	'41',	'asdd',	'',	'',	'anD.t@hotmail.com',	'81dc9bdb52d04dc20036dbd8313ed055',	'',	'',	NULL,	'0',	0,	0,	'0000-00-00 00:00:00',	'0000-00-00 00:00:00',	'0000-00-00 00:00:00',	'0000-00-00',	'public',	''),
(42,	'junior',	'active',	'42',	'asdd',	'',	'',	'anD.t@hotmail.com',	'81dc9bdb52d04dc20036dbd8313ed055',	'',	'',	NULL,	'0',	0,	0,	'0000-00-00 00:00:00',	'0000-00-00 00:00:00',	'0000-00-00 00:00:00',	'0000-00-00',	'public',	''),
(43,	'junior',	'active',	'43',	'asdd',	'',	'',	'anD.t@hotmail.com',	'81dc9bdb52d04dc20036dbd8313ed055',	'',	'',	NULL,	'0',	0,	0,	'0000-00-00 00:00:00',	'0000-00-00 00:00:00',	'0000-00-00 00:00:00',	'0000-00-00',	'public',	''),
(44,	'junior',	'active',	'44',	'asdf',	'',	'',	'asdasdasdasd@gasd.com',	'827ccb0eea8a706c4c34a16891f84e7b',	'',	'',	NULL,	'0',	0,	0,	'0000-00-00 00:00:00',	'0000-00-00 00:00:00',	'0000-00-00 00:00:00',	'0000-00-00',	'public',	''),
(45,	'junior',	'active',	'45',	'asdf',	'',	'',	'1234@asd.com',	'81dc9bdb52d04dc20036dbd8313ed055',	'',	'',	NULL,	'0',	0,	0,	'0000-00-00 00:00:00',	'0000-00-00 00:00:00',	'0000-00-00 00:00:00',	'0000-00-00',	'public',	''),
(46,	'junior',	'active',	'46',	'asdf',	'',	'',	'asdasdasdasd@gasd.com',	'81dc9bdb52d04dc20036dbd8313ed055',	'',	'',	NULL,	'0',	0,	0,	'0000-00-00 00:00:00',	'0000-00-00 00:00:00',	'0000-00-00 00:00:00',	'0000-00-00',	'public',	''),
(47,	'junior',	'active',	'47',	'asdf',	'',	'',	'asdasdasdasd@gasd.com',	'81dc9bdb52d04dc20036dbd8313ed055',	'',	'',	NULL,	'0',	0,	0,	'0000-00-00 00:00:00',	'0000-00-00 00:00:00',	'0000-00-00 00:00:00',	'0000-00-00',	'public',	''),
(50,	'junior',	'active',	'50',	'asdd',	'',	'',	'asdasdasdasd@gasd.com',	'81dc9bdb52d04dc20036dbd8313ed055',	'',	'',	NULL,	'0',	0,	0,	'0000-00-00 00:00:00',	'0000-00-00 00:00:00',	'0000-00-00 00:00:00',	'0000-00-00',	'public',	''),
(60,	'junior',	'active',	'asd',	'asd',	'asd',	'asdasdasda',	'asd@asd.com',	'81dc9bdb52d04dc20036dbd8313ed055',	'asdasd',	'asdasd',	'asdasd',	'0',	0,	0,	'0000-00-00 00:00:00',	'0000-00-00 00:00:00',	'0000-00-00 00:00:00',	'0000-00-00',	'public',	''),
(61,	'junior',	'active',	'asd',	'asd',	'asd',	'zxc',	'asd@asd.com',	'81dc9bdb52d04dc20036dbd8313ed055',	'asd',	'asd',	'asd',	'0',	0,	0,	'2014-07-06 06:01:02',	'0000-00-00 00:00:00',	'0000-00-00 00:00:00',	'2014-07-09',	'public',	''),
(62,	'junior',	'active',	'asd',	'asd',	'asd',	'zxc',	'asd@asd.com',	'81dc9bdb52d04dc20036dbd8313ed055',	'asd',	'asd',	'asd',	'0',	0,	0,	'2014-07-06 04:04:15',	'0000-00-00 00:00:00',	'0000-00-00 00:00:00',	'2014-07-09',	'public',	''),
(63,	'junior',	'active',	'asd',	'asd',	'asd',	'zxc',	'asd@asd.com',	'912ec803b2ce49e4a541068d495ab570',	'asd',	'asd',	'asd',	'0',	0,	0,	'2014-07-06 06:09:30',	'0000-00-00 00:00:00',	'0000-00-00 00:00:00',	'2014-07-09',	'public',	''),
(64,	'junior',	'active',	'asd',	'asd',	'asd',	'zxc',	'asd@asd.com',	'827ccb0eea8a706c4c34a16891f84e7b',	'asd',	'asd',	'asd',	'0',	0,	0,	'2014-07-06 06:11:47',	'0000-00-00 00:00:00',	'0000-00-00 00:00:00',	'2014-07-09',	'public',	''),
(65,	'junior',	'active',	'asd',	'asd',	'asd',	'zxc',	'asd@asd.com',	'81dc9bdb52d04dc20036dbd8313ed055',	'asd',	'asd',	'asd',	'0',	0,	0,	'2014-07-06 00:12:20',	'0000-00-00 00:00:00',	'0000-00-00 00:00:00',	'2014-07-09',	'public',	''),
(66,	'senior',	'active',	'mikeb',	'Michael',	'Burkat',	'yo',	'mike.burkat@gmail.com',	'e10adc3949ba59abbe56e057f20f883e',	'11207 79th ave NW',	'Edmonton',	'Alberta',	'',	0,	0,	'2014-07-06 14:38:52',	'0000-00-00 00:00:00',	'0000-00-00 00:00:00',	'1987-08-17',	'public',	''),
(67,	'junior',	'active',	'test',	'M',	'B',	'yo',	'fearan@gmail.com',	'e10adc3949ba59abbe56e057f20f883e',	'11',	'11',	'qc',	'',	0,	0,	'2014-07-06 20:45:44',	'2014-08-06 18:11:43',	'0000-00-00 00:00:00',	'2013-12-03',	'public',	''),
(68,	'junior',	'active',	'geoff',	'G',	'S',	'yup',	'geoffrey.stanley@gmail.com',	'202cb962ac59075b964b07152d234b70',	'11',	'mtl',	'qc',	'1',	1,	2,	'2014-07-07 01:10:58',	'2014-07-07 01:10:58',	'2014-07-07 01:10:58',	'2014-07-07',	'public',	''),
(69,	'junior',	'active',	'dg',	'dg',	'dg',	'asdf',	'dg@dg.com',	'e10adc3949ba59abbe56e057f20f883e',	'asdf',	'asdasd',	'asdasd',	'',	0,	0,	'2014-07-07 11:07:49',	'0000-00-00 00:00:00',	'0000-00-00 00:00:00',	'2014-07-02',	'public',	'https://www.youtube.com/watch?v=-KKvIg9d0Kw'),
(70,	'junior',	'active',	'geoff',	'geoff',	'St',	'something',	'e@mail.com',	'073f99773db12841bb1dfed469f8d750',	'123',	'Mtl',	'qc',	'',	0,	0,	'2014-07-12 18:59:44',	'0000-00-00 00:00:00',	'0000-00-00 00:00:00',	'0000-00-00',	'public',	''),
(83,	'administrator',	'active',	'MyDisplayName',	'Dmitri',	'Grijalva',	'asdasdasd',	'dmitri.grijalva@gmail.com',	'81dc9bdb52d04dc20036dbd8313ed055',	'',	'Montreal',	'',	'',	0,	0,	'2014-07-18 00:36:41',	'2014-08-09 12:40:18',	'0000-00-00 00:00:00',	'2014-07-18',	'public',	''),
(85,	'junior',	'active',	'f_negret',	'Fraklin',	'Negrete',	'im cool',	'fa.negrete@gmail.com',	'e10adc3949ba59abbe56e057f20f883e',	'3838kdfk here',	'Montreal',	'Quebec',	'Canada',	0,	0,	'2014-07-18 17:00:25',	'0000-00-00 00:00:00',	'0000-00-00 00:00:00',	'0000-00-00',	'private',	''),
(88,	'junior',	'active',	'123',	'123',	'123',	'123',	'abc@abaca.com',	'e10adc3949ba59abbe56e057f20f883e',	'123',	'123',	'123',	'123',	0,	0,	'2014-07-19 12:31:59',	'0000-00-00 00:00:00',	'0000-00-00 00:00:00',	'0023-12-31',	'public',	''),
(89,	'junior',	'active',	'huoisegad',	'123',	'123',	'123',	'abc@caosnd.com',	'e10adc3949ba59abbe56e057f20f883e',	'asfdn',	'123',	'123',	'123',	0,	0,	'2014-07-19 12:32:58',	'0000-00-00 00:00:00',	'0000-00-00 00:00:00',	'0123-12-03',	'public',	''),
(90,	'junior',	'active',	'Thomas',	'Thomas',	'Tige',	'I am awesome',	'thomastige@gmail.com',	'e10adc3949ba59abbe56e057f20f883e',	'123',	'Montreal',	'Quebec',	'Canada',	0,	0,	'2014-07-19 15:26:42',	'0000-00-00 00:00:00',	'0000-00-00 00:00:00',	'1990-06-25',	'public',	''),
(91,	'junior',	'active',	'test',	'test',	'test',	'tester',	't@e.st',	'098f6bcd4621d373cade4e832627b4f6',	'123',	'123',	'123',	'123',	0,	0,	'2014-07-27 11:10:29',	'0000-00-00 00:00:00',	'0000-00-00 00:00:00',	'1564-06-25',	'public',	''),
(92,	'junior',	'active',	'test',	'test',	'test',	'haeto',	't@es.ticule',	'098f6bcd4621d373cade4e832627b4f6',	'jip',	'hio',	'ioh',	'oih',	0,	0,	'2014-07-27 11:11:32',	'0000-00-00 00:00:00',	'0000-00-00 00:00:00',	'0000-00-00',	'private',	''),
(93,	'junior',	'active',	'jkbhb',	'bjk',	'bjkl',	'ihjo',	'randomemail@randomurl.org',	'e10adc3949ba59abbe56e057f20f883e',	'1234',	'1234',	'1234',	'1234',	0,	0,	'2014-07-27 11:20:56',	'0000-00-00 00:00:00',	'0000-00-00 00:00:00',	'0000-00-00',	'public',	''),
(94,	'junior',	'active',	'',	'',	'',	'',	'',	'',	'',	'',	NULL,	'',	0,	0,	'2014-08-06 01:10:54',	'0000-00-00 00:00:00',	'0000-00-00 00:00:00',	'0000-00-00',	'public',	''),
(95,	'junior',	'active',	'',	'',	'',	'',	'',	'',	'',	'',	NULL,	'',	0,	0,	'0000-00-00 00:00:00',	'2014-08-06 01:11:50',	'0000-00-00 00:00:00',	'0000-00-00',	'public',	'');

DROP TABLE IF EXISTS `userWall`;
CREATE TABLE `userWall` (
  `userID` int(10) unsigned NOT NULL,
  `postID` int(10) unsigned NOT NULL,
  `privacy` tinyint(4) NOT NULL DEFAULT '0',
  KEY `FK_userID_user_idx` (`userID`),
  KEY `FK_postID_post_idx` (`postID`),
  CONSTRAINT `userWall_ibfk_2` FOREIGN KEY (`userID`) REFERENCES `user` (`userID`) ON DELETE NO ACTION ON UPDATE NO ACTION,
  CONSTRAINT `userWall_ibfk_1` FOREIGN KEY (`postID`) REFERENCES `post` (`postID`) ON DELETE CASCADE ON UPDATE NO ACTION
) ENGINE=InnoDB DEFAULT CHARSET=latin1;


-- 2014-08-09 16:53:57
